old_id,title,Name_complete,category_id,Actor_id,film_id
1,ACADEMY DINOSAUR,PENELOPE GUINESS,6,1,1
2,ANACONDA CONFESSIONS,PENELOPE GUINESS,2,1,23
3,ANGELS LIFE,PENELOPE GUINESS,13,1,25
4,BULWORTH COMMANDMENTS,PENELOPE GUINESS,10,1,106
5,CHEAPER CLYDE,PENELOPE GUINESS,14,1,140
6,COLOR PHILADELPHIA,PENELOPE GUINESS,4,1,166
7,ELEPHANT TROJAN,PENELOPE GUINESS,11,1,277
8,GLEAMING JAWBREAKER,PENELOPE GUINESS,15,1,361
9,HUMAN GRAFFITI,PENELOPE GUINESS,10,1,438
10,KING EVOLUTION,PENELOPE GUINESS,8,1,499
11,LADY STAGE,PENELOPE GUINESS,11,1,506
12,LANGUAGE COWBOY,PENELOPE GUINESS,3,1,509
13,MULHOLLAND BEAST,PENELOPE GUINESS,9,1,605
14,OKLAHOMA JUMANJI,PENELOPE GUINESS,13,1,635
15,RULES HUMAN,PENELOPE GUINESS,11,1,749
16,SPLASH GUMP,PENELOPE GUINESS,8,1,832
17,VERTIGO NORTHWEST,PENELOPE GUINESS,5,1,939
18,WESTWARD SEABISCUIT,PENELOPE GUINESS,4,1,970
19,WIZARD COLDBLOODED,PENELOPE GUINESS,12,1,980
20,ADAPTATION HOLES,NICK WAHLBERG,6,2,3
21,APACHE DIVINE,NICK WAHLBERG,8,2,31
22,BABY HALL,NICK WAHLBERG,9,2,47
23,BULL SHAWSHANK,NICK WAHLBERG,1,2,105
24,CHAINSAW UPTOWN,NICK WAHLBERG,14,2,132
25,CHISUM BEHAVIOR,NICK WAHLBERG,8,2,145
26,DESTINY SATURDAY,NICK WAHLBERG,13,2,226
27,DRACULA CRYSTAL,NICK WAHLBERG,4,2,249
28,FIGHT JAWBREAKER,NICK WAHLBERG,2,2,314
29,FLASH WARS,NICK WAHLBERG,13,2,321
30,GILBERT PELICAN,NICK WAHLBERG,4,2,357
31,GOODFELLAS SALUTE,NICK WAHLBERG,14,2,369
32,HAPPINESS UNITED,NICK WAHLBERG,9,2,399
33,INDIAN LOVE,NICK WAHLBERG,8,2,458
34,JEKYLL FROGMEN,NICK WAHLBERG,13,2,481
35,JERSEY SASSY,NICK WAHLBERG,3,2,485
36,LIAISONS SWEET,NICK WAHLBERG,16,2,518
37,LUCKY FLYING,NICK WAHLBERG,12,2,540
38,MAGUIRE APACHE,NICK WAHLBERG,8,2,550
39,MALLRATS UNITED,NICK WAHLBERG,5,2,555
40,MASK PEACH,NICK WAHLBERG,13,2,561
41,ROOF CHAMPION,NICK WAHLBERG,10,2,742
42,RUSHMORE MERMAID,NICK WAHLBERG,5,2,754
43,SMILE EARRING,NICK WAHLBERG,16,2,811
44,WARDROBE PHANTOM,NICK WAHLBERG,7,2,958
45,ALONE TRIP,ED CHASE,12,3,17
46,ARMY FLINTSTONES,ED CHASE,6,3,40
47,ARTIST COLDBLOODED,ED CHASE,15,3,42
48,BOONDOCK BALLROOM,ED CHASE,16,3,87
49,CADDYSHACK JEDI,ED CHASE,1,3,111
50,COWBOY DOOM,ED CHASE,9,3,185
51,EVE RESURRECTION,ED CHASE,13,3,289
52,FORREST SONS,ED CHASE,1,3,329
53,FRENCH HOLIDAY,ED CHASE,6,3,336
54,FROST HEAD,ED CHASE,4,3,341
55,HALLOWEEN NUTS,ED CHASE,6,3,393
56,HUNTER ALTER,ED CHASE,6,3,441
57,IMAGE PRINCESS,ED CHASE,15,3,453
58,JEEPERS WEDDING,ED CHASE,4,3,480
59,LUCK OPUS,ED CHASE,7,3,539
60,NECKLACE OUTBREAK,ED CHASE,7,3,618
61,PLATOON INSTINCT,ED CHASE,13,3,685
62,SPICE SORORITY,ED CHASE,7,3,827
63,WEDDING APOLLO,ED CHASE,6,3,966
64,WEEKEND PERSONAL,ED CHASE,14,3,967
65,WHALE BIKINI,ED CHASE,9,3,971
66,YOUNG LANGUAGE,ED CHASE,6,3,996
67,ANACONDA CONFESSIONS,JENNIFER DAVIS,2,4,23
68,ANGELS LIFE,JENNIFER DAVIS,13,4,25
69,BAREFOOT MANCHURIAN,JENNIFER DAVIS,1,4,56
70,BED HIGHBALL,JENNIFER DAVIS,6,4,62
71,BLADE POLISH,JENNIFER DAVIS,7,4,79
72,BOONDOCK BALLROOM,JENNIFER DAVIS,16,4,87
73,GHOSTBUSTERS ELF,JENNIFER DAVIS,2,4,355
74,GREEDY ROOTS,JENNIFER DAVIS,7,4,379
75,HANOVER GALAXY,JENNIFER DAVIS,12,4,398
76,INSTINCT AIRPORT,JENNIFER DAVIS,15,4,463
77,JUMANJI BLADE,JENNIFER DAVIS,13,4,490
78,NATIONAL STORY,JENNIFER DAVIS,6,4,616
79,OKLAHOMA JUMANJI,JENNIFER DAVIS,13,4,635
80,POSEIDON FOREVER,JENNIFER DAVIS,15,4,691
81,RAIDERS ANTITRUST,JENNIFER DAVIS,6,4,712
82,RANDOM GO,JENNIFER DAVIS,14,4,714
83,REDS POCUS,JENNIFER DAVIS,12,4,721
84,SILVERADO GOLDFINGER,JENNIFER DAVIS,14,4,798
85,SPLASH GUMP,JENNIFER DAVIS,8,4,832
86,SUBMARINE BED,JENNIFER DAVIS,5,4,858
87,TREASURE COMMAND,JENNIFER DAVIS,11,4,909
88,UNFORGIVEN ZOOLANDER,JENNIFER DAVIS,14,4,924
89,AMADEUS HOLY,JOHNNY LOLLOBRIGIDA,1,5,19
90,BANGER PINOCCHIO,JOHNNY LOLLOBRIGIDA,12,5,54
91,BONNIE HOLOCAUST,JOHNNY LOLLOBRIGIDA,6,5,85
92,CHITTY LOCK,JOHNNY LOLLOBRIGIDA,7,5,146
93,COMMANDMENTS EXPRESS,JOHNNY LOLLOBRIGIDA,11,5,171
94,CONEHEADS SMOOCHY,JOHNNY LOLLOBRIGIDA,7,5,172
95,DADDY PITTSBURGH,JOHNNY LOLLOBRIGIDA,5,5,202
96,DAISY MENAGERIE,JOHNNY LOLLOBRIGIDA,14,5,203
97,ENOUGH RAGING,JOHNNY LOLLOBRIGIDA,16,5,286
98,ESCAPE METROPOLIS,JOHNNY LOLLOBRIGIDA,16,5,288
99,FIRE WOLVES,JOHNNY LOLLOBRIGIDA,10,5,316
100,FRONTIER CABIN,JOHNNY LOLLOBRIGIDA,13,5,340
101,GOODFELLAS SALUTE,JOHNNY LOLLOBRIGIDA,14,5,369
102,GRAIL FRANKENSTEIN,JOHNNY LOLLOBRIGIDA,1,5,375
103,GROOVE FICTION,JOHNNY LOLLOBRIGIDA,15,5,383
104,HALL CASSIDY,JOHNNY LOLLOBRIGIDA,3,5,392
105,HEAVENLY GUN,JOHNNY LOLLOBRIGIDA,12,5,411
106,KRAMER CHOCOLATE,JOHNNY LOLLOBRIGIDA,15,5,503
107,LOVE SUICIDES,JOHNNY LOLLOBRIGIDA,11,5,535
108,METAL ARMAGEDDON,JOHNNY LOLLOBRIGIDA,6,5,571
109,PACIFIC AMISTAD,JOHNNY LOLLOBRIGIDA,6,5,650
110,PATTON INTERVIEW,JOHNNY LOLLOBRIGIDA,11,5,665
111,POCUS PULP,JOHNNY LOLLOBRIGIDA,6,5,687
112,RIDGEMONT SUBMARINE,JOHNNY LOLLOBRIGIDA,13,5,730
113,RINGS HEARTBREAKERS,JOHNNY LOLLOBRIGIDA,1,5,732
114,SMILE EARRING,JOHNNY LOLLOBRIGIDA,16,5,811
115,SOLDIERS EVOLUTION,JOHNNY LOLLOBRIGIDA,14,5,817
116,STAR OPERATION,JOHNNY LOLLOBRIGIDA,15,5,841
117,SUNRISE LEAGUE,JOHNNY LOLLOBRIGIDA,2,5,865
118,ANTITRUST TOMATOES,BETTE NICHOLSON,1,6,29
119,BANG KWAI,BETTE NICHOLSON,8,6,53
120,BEAST HUNCHBACK,BETTE NICHOLSON,4,6,60
121,BIKINI BORROWERS,BETTE NICHOLSON,2,6,70
122,CALENDAR GUNFIGHT,BETTE NICHOLSON,9,6,112
123,COAST RAINBOW,BETTE NICHOLSON,6,6,164
124,COLDBLOODED DARLING,BETTE NICHOLSON,14,6,165
125,CROSSROADS CASUALTIES,BETTE NICHOLSON,2,6,193
126,DROP WATERFRONT,BETTE NICHOLSON,15,6,256
127,IGBY MAKER,BETTE NICHOLSON,16,6,451
128,KRAMER CHOCOLATE,BETTE NICHOLSON,15,6,503
129,LANGUAGE COWBOY,BETTE NICHOLSON,3,6,509
130,LESSON CLEOPATRA,BETTE NICHOLSON,15,6,517
131,LIBERTY MAGNIFICENT,BETTE NICHOLSON,15,6,519
132,MULHOLLAND BEAST,BETTE NICHOLSON,9,6,605
133,POTLUCK MIXED,BETTE NICHOLSON,2,6,692
134,SPEED SUIT,BETTE NICHOLSON,16,6,826
135,TITANIC BOONDOCK,BETTE NICHOLSON,2,6,892
136,TRADING PINOCCHIO,BETTE NICHOLSON,15,6,902
137,WYOMING STORM,BETTE NICHOLSON,13,6,994
138,ANGELS LIFE,GRACE MOSTEL,13,7,25
139,ANONYMOUS HUMAN,GRACE MOSTEL,15,7,27
140,ARACHNOPHOBIA ROLLERCOASTER,GRACE MOSTEL,11,7,35
141,BERETS AGENT,GRACE MOSTEL,1,7,67
142,BREAKING HOME,GRACE MOSTEL,13,7,96
143,COMMAND DARLING,GRACE MOSTEL,9,7,170
144,CONFESSIONS MAGUIRE,GRACE MOSTEL,7,7,173
145,DAZED PUNK,GRACE MOSTEL,10,7,217
146,DECEIVER BETRAYED,GRACE MOSTEL,7,7,218
147,DESTINATION JERK,GRACE MOSTEL,7,7,225
148,EXCITEMENT EVE,GRACE MOSTEL,1,7,292
149,GASLIGHT CRUSADE,GRACE MOSTEL,11,7,351
150,HELLFIGHTERS SIERRA,GRACE MOSTEL,9,7,414
151,INSTINCT AIRPORT,GRACE MOSTEL,15,7,463
152,MALKOVICH PET,GRACE MOSTEL,4,7,554
153,NECKLACE OUTBREAK,GRACE MOSTEL,7,7,618
154,OCTOBER SUBMARINE,GRACE MOSTEL,4,7,633
155,OPEN AFRICAN,GRACE MOSTEL,14,7,637
156,POSEIDON FOREVER,GRACE MOSTEL,15,7,691
157,SAINTS BRIDE,GRACE MOSTEL,7,7,758
158,SAVANNAH TOWN,GRACE MOSTEL,7,7,766
159,SCISSORHANDS SLUMS,GRACE MOSTEL,9,7,770
160,SLEEPLESS MONSOON,GRACE MOSTEL,2,7,805
161,SLEEPY JAPANESE,GRACE MOSTEL,13,7,806
162,STING PERSONAL,GRACE MOSTEL,13,7,846
163,TOWN ARK,GRACE MOSTEL,9,7,900
164,TRACY CIDER,GRACE MOSTEL,2,7,901
165,TREATMENT JEKYLL,GRACE MOSTEL,7,7,910
166,WAR NOTTING,GRACE MOSTEL,9,7,957
167,WARLOCK WEREWOLF,GRACE MOSTEL,3,7,959
168,BABY HALL,MATTHEW JOHANSSON,9,8,47
169,CAMPUS REMEMBER,MATTHEW JOHANSSON,1,8,115
170,CLONES PINOCCHIO,MATTHEW JOHANSSON,12,8,158
171,CONQUERER NUTS,MATTHEW JOHANSSON,7,8,179
172,CROWDS TELEMARK,MATTHEW JOHANSSON,14,8,195
173,DANCES NONE,MATTHEW JOHANSSON,1,8,205
174,DRIVING POLISH,MATTHEW JOHANSSON,12,8,255
175,DURHAM PANKY,MATTHEW JOHANSSON,15,8,263
176,FLASH WARS,MATTHEW JOHANSSON,13,8,321
177,HANGING DEEP,MATTHEW JOHANSSON,7,8,396
178,INDIAN LOVE,MATTHEW JOHANSSON,8,8,458
179,LIGHTS DEER,MATTHEW JOHANSSON,4,8,523
180,LOSER HUSTLER,MATTHEW JOHANSSON,15,8,532
181,MALKOVICH PET,MATTHEW JOHANSSON,4,8,554
182,RUNNER MADIGAN,MATTHEW JOHANSSON,12,8,752
183,SCHOOL JACKET,MATTHEW JOHANSSON,9,8,769
184,SCORPION APOLLO,MATTHEW JOHANSSON,7,8,771
185,SUGAR WONKA,MATTHEW JOHANSSON,2,8,859
186,TOMORROW HUSTLER,MATTHEW JOHANSSON,4,8,895
187,VANISHING ROCKY,MATTHEW JOHANSSON,12,8,936
188,ANYTHING SAVANNAH,JOE SWANK,11,9,30
189,BIRCH ANTITRUST,JOE SWANK,12,9,74
190,CHOCOLAT HARRY,JOE SWANK,8,9,147
191,CHOCOLATE DUCK,JOE SWANK,9,9,148
192,CROOKED FROGMEN,JOE SWANK,3,9,191
193,CURTAIN VIDEOTAPE,JOE SWANK,10,9,200
194,DALMATIONS SWEDEN,JOE SWANK,7,9,204
195,HORROR REIGN,JOE SWANK,16,9,434
196,LAWLESS VISION,JOE SWANK,2,9,510
197,LEBOWSKI SOLDIERS,JOE SWANK,7,9,514
198,MAJESTIC FLOATS,JOE SWANK,6,9,552
199,PACIFIC AMISTAD,JOE SWANK,6,9,650
200,PERDITION FARGO,JOE SWANK,15,9,671
201,PRIMARY GLASS,JOE SWANK,1,9,697
202,REEF SALUTE,JOE SWANK,11,9,722
203,RUNNER MADIGAN,JOE SWANK,12,9,752
204,SMILE EARRING,JOE SWANK,16,9,811
205,SNATCHERS MONTEZUMA,JOE SWANK,4,9,815
206,SUNRISE LEAGUE,JOE SWANK,2,9,865
207,SWEETHEARTS SUSPECTS,JOE SWANK,3,9,873
208,TIES HUNGER,JOE SWANK,3,9,889
209,TRAFFIC HOBBIT,JOE SWANK,16,9,903
210,UNTOUCHABLES SUNRISE,JOE SWANK,6,9,926
211,WATERFRONT DELIVERANCE,JOE SWANK,1,9,964
212,WILD APOLLO,JOE SWANK,13,9,974
213,ACADEMY DINOSAUR,CHRISTIAN GABLE,6,10,1
214,ALABAMA DEVIL,CHRISTIAN GABLE,11,10,9
215,CROOKED FROGMEN,CHRISTIAN GABLE,3,10,191
216,DIVINE RESURRECTION,CHRISTIAN GABLE,10,10,236
217,DRAGONFLY STRANGERS,CHRISTIAN GABLE,13,10,251
218,GOLDFINGER SENSIBILITY,CHRISTIAN GABLE,7,10,366
219,JAWBREAKER BROOKLYN,CHRISTIAN GABLE,12,10,477
220,JEEPERS WEDDING,CHRISTIAN GABLE,4,10,480
221,LIFE TWISTED,CHRISTIAN GABLE,5,10,522
222,LORD ARIZONA,CHRISTIAN GABLE,1,10,530
223,MOD SECRETARY,CHRISTIAN GABLE,6,10,587
224,PREJUDICE OLEANDER,CHRISTIAN GABLE,4,10,694
225,PUNK DIVORCE,CHRISTIAN GABLE,2,10,703
226,REAP UNFAITHFUL,CHRISTIAN GABLE,11,10,716
227,SHAKESPEARE SADDLE,CHRISTIAN GABLE,15,10,782
228,TROUBLE DATE,CHRISTIAN GABLE,16,10,914
229,USUAL UNTOUCHABLES,CHRISTIAN GABLE,9,10,929
230,VACATION BOONDOCK,CHRISTIAN GABLE,14,10,930
231,WATERFRONT DELIVERANCE,CHRISTIAN GABLE,1,10,964
232,WEDDING APOLLO,CHRISTIAN GABLE,6,10,966
233,WIZARD COLDBLOODED,CHRISTIAN GABLE,12,10,980
234,WON DARES,CHRISTIAN GABLE,12,10,983
235,CANYON STOCK,ZERO CAGE,2,11,118
236,DANCES NONE,ZERO CAGE,1,11,205
237,ENCINO ELF,ZERO CAGE,10,11,281
238,ENDING CROWDS,ZERO CAGE,13,11,283
239,GANDHI KWAI,ZERO CAGE,8,11,348
240,GODFATHER DIARY,ZERO CAGE,13,11,364
241,HANDICAP BOONDOCK,ZERO CAGE,1,11,395
242,HONEY TIES,ZERO CAGE,15,11,429
243,HORN WORKING,ZERO CAGE,2,11,433
244,IMAGE PRINCESS,ZERO CAGE,15,11,453
245,JERSEY SASSY,ZERO CAGE,3,11,485
246,LOSER HUSTLER,ZERO CAGE,15,11,532
247,MEET CHOCOLATE,ZERO CAGE,9,11,567
248,MOD SECRETARY,ZERO CAGE,6,11,587
249,MOONWALKER FOOL,ZERO CAGE,10,11,597
250,OLEANDER CLUE,ZERO CAGE,12,11,636
251,RACER EGG,ZERO CAGE,7,11,709
252,STORY SIDE,ZERO CAGE,1,11,850
253,STRANGERS GRAFFITI,ZERO CAGE,11,11,854
254,THIN SAGEBRUSH,ZERO CAGE,6,11,888
255,TOOTSIE PILOT,ZERO CAGE,3,11,896
256,UPTOWN YOUNG,ZERO CAGE,3,11,928
257,VELVET TERMINATOR,ZERO CAGE,5,11,938
258,WEST LION,ZERO CAGE,7,11,969
259,WORKER TARZAN,ZERO CAGE,16,11,988
260,ALLEY EVOLUTION,KARL BERRY,9,12,16
261,ALONE TRIP,KARL BERRY,12,12,17
262,ARABIA DOGMA,KARL BERRY,11,12,34
263,ARIZONA BANG,KARL BERRY,4,12,37
264,BOUND CHEAPER,KARL BERRY,4,12,91
265,BOWFINGER GABLES,KARL BERRY,11,12,92
266,BUNCH MINDS,KARL BERRY,7,12,107
267,CLEOPATRA DEVIL,KARL BERRY,13,12,155
268,CONNECTICUT TRAMP,KARL BERRY,14,12,177
269,DARES PLUTO,KARL BERRY,2,12,208
270,DATE SPEED,KARL BERRY,8,12,213
271,DAY UNFAITHFUL,KARL BERRY,13,12,216
272,DOORS PRESIDENT,KARL BERRY,2,12,243
273,FURY MURDER,KARL BERRY,3,12,344
274,HARDLY ROBBERS,KARL BERRY,6,12,400
275,HIGHBALL POTTER,KARL BERRY,9,12,416
276,HOLES BRANNIGAN,KARL BERRY,15,12,420
277,INDEPENDENCE HOTEL,KARL BERRY,6,12,457
278,LEATHERNECKS DWARFS,KARL BERRY,16,12,513
279,LUCKY FLYING,KARL BERRY,12,12,540
280,MONTEREY LABYRINTH,KARL BERRY,11,12,593
281,NOVOCAINE FLIGHT,KARL BERRY,15,12,631
282,OKLAHOMA JUMANJI,KARL BERRY,13,12,635
283,PERFECT GROOVE,KARL BERRY,5,12,672
284,REAP UNFAITHFUL,KARL BERRY,11,12,716
285,REUNION WITCHES,KARL BERRY,7,12,728
286,SMOKING BARBARELLA,KARL BERRY,6,12,812
287,STAGECOACH ARMAGEDDON,KARL BERRY,1,12,838
288,SWEDEN SHINING,KARL BERRY,5,12,871
289,TELEMARK HEARTBREAKERS,KARL BERRY,2,12,880
290,VIRGINIAN PLUTO,KARL BERRY,6,12,945
291,ALONE TRIP,UMA WOOD,12,13,17
292,ANTITRUST TOMATOES,UMA WOOD,1,13,29
293,ATTRACTION NEWTON,UMA WOOD,13,13,45
294,BOONDOCK BALLROOM,UMA WOOD,16,13,87
295,CABIN FLASH,UMA WOOD,3,13,110
296,CHINATOWN GLADIATOR,UMA WOOD,13,13,144
297,CLASH FREDDY,UMA WOOD,2,13,154
298,CLUELESS BUCKET,UMA WOOD,1,13,162
299,DAISY MENAGERIE,UMA WOOD,14,13,203
300,DRIVER ANNIE,UMA WOOD,15,13,254
301,FRIDA SLIPPER,UMA WOOD,9,13,337
302,GALAXY SWEETHEARTS,UMA WOOD,4,13,346
303,GRINCH MASSAGE,UMA WOOD,10,13,381
304,GROUNDHOG UNCUT,UMA WOOD,5,13,385
305,HOMEWARD CIDER,UMA WOOD,6,13,427
306,INCH JET,UMA WOOD,2,13,456
307,LEATHERNECKS DWARFS,UMA WOOD,16,13,513
308,LEGALLY SECRETARY,UMA WOOD,3,13,515
309,LIFE TWISTED,UMA WOOD,5,13,522
310,LION UNCUT,UMA WOOD,5,13,524
311,LOLITA WORLD,UMA WOOD,8,13,528
312,METAL ARMAGEDDON,UMA WOOD,6,13,571
313,MODEL FISH,UMA WOOD,3,13,588
314,MOONWALKER FOOL,UMA WOOD,10,13,597
315,MOTIONS DETAILS,UMA WOOD,11,13,600
316,REBEL AIRPORT,UMA WOOD,12,13,718
317,RIDER CADDYSHACK,UMA WOOD,15,13,729
318,SNOWMAN ROLLERCOASTER,UMA WOOD,2,13,816
319,SOLDIERS EVOLUTION,UMA WOOD,14,13,817
320,SPLASH GUMP,UMA WOOD,8,13,832
321,SPLENDOR PATTON,UMA WOOD,3,13,833
322,STEEL SANTA,UMA WOOD,4,13,843
323,TORQUE BOUND,UMA WOOD,7,13,897
324,WEDDING APOLLO,UMA WOOD,6,13,966
325,ZHIVAGO CORE,UMA WOOD,11,13,998
326,CLASH FREDDY,VIVIEN BERGEN,2,14,154
327,CRANES RESERVOIR,VIVIEN BERGEN,15,14,187
328,DIRTY ACE,VIVIEN BERGEN,10,14,232
329,DONNIE ALLEY,VIVIEN BERGEN,2,14,241
330,DRIFTER COMMANDMENTS,VIVIEN BERGEN,1,14,253
331,DRIVING POLISH,VIVIEN BERGEN,12,14,255
332,DRUMS DYNAMITE,VIVIEN BERGEN,11,14,258
333,ENEMY ODDS,VIVIEN BERGEN,12,14,284
334,EXCITEMENT EVE,VIVIEN BERGEN,1,14,292
335,GORGEOUS BINGO,VIVIEN BERGEN,3,14,370
336,HIGH ENCINO,VIVIEN BERGEN,11,14,415
337,HILLS NEIGHBORS,VIVIEN BERGEN,1,14,417
338,HOBBIT ALIEN,VIVIEN BERGEN,7,14,418
339,IMPACT ALADDIN,VIVIEN BERGEN,12,14,454
340,ITALIAN AFRICAN,VIVIEN BERGEN,16,14,472
341,JAPANESE RUN,VIVIEN BERGEN,11,14,475
342,KENTUCKIAN GIANT,VIVIEN BERGEN,11,14,495
343,LOVELY JINGLE,VIVIEN BERGEN,4,14,536
344,LOVER TRUMAN,VIVIEN BERGEN,4,14,537
345,MUSSOLINI SPOILERS,VIVIEN BERGEN,15,14,612
346,POLISH BROOKLYN,VIVIEN BERGEN,3,14,688
347,SALUTE APOLLO,VIVIEN BERGEN,13,14,759
348,SATURDAY LAMBS,VIVIEN BERGEN,15,14,764
349,STOCK GLASS,VIVIEN BERGEN,13,14,847
350,STREETCAR INTENTIONS,VIVIEN BERGEN,11,14,856
351,TIGHTS DAWN,VIVIEN BERGEN,15,14,890
352,TRAP GUYS,VIVIEN BERGEN,9,14,908
353,TYCOON GATHERING,VIVIEN BERGEN,10,14,919
354,VOICE PEACH,VIVIEN BERGEN,13,14,948
355,WESTWARD SEABISCUIT,VIVIEN BERGEN,4,14,970
356,APACHE DIVINE,CUBA OLIVIER,8,15,31
357,BORROWERS BEDAZZLED,CUBA OLIVIER,2,15,89
358,BOUND CHEAPER,CUBA OLIVIER,4,15,91
359,BUTCH PANTHER,CUBA OLIVIER,13,15,108
360,CASSIDY WYOMING,CUBA OLIVIER,16,15,125
361,DIVINE RESURRECTION,CUBA OLIVIER,10,15,236
362,EGYPT TENENBAUMS,CUBA OLIVIER,11,15,275
363,EMPIRE MALKOVICH,CUBA OLIVIER,3,15,280
364,FLYING HOOK,CUBA OLIVIER,2,15,326
365,FUGITIVE MAGUIRE,CUBA OLIVIER,16,15,342
366,HELLFIGHTERS SIERRA,CUBA OLIVIER,9,15,414
367,HYDE DOCTOR,CUBA OLIVIER,4,15,445
368,KISS GLORY,CUBA OLIVIER,9,15,500
369,KNOCK WARLOCK,CUBA OLIVIER,5,15,502
370,LUKE MUMMY,CUBA OLIVIER,2,15,541
371,MAKER GABLES,CUBA OLIVIER,3,15,553
372,MONTEZUMA COMMAND,CUBA OLIVIER,1,15,594
373,NOON PAPI,CUBA OLIVIER,3,15,626
374,OKLAHOMA JUMANJI,CUBA OLIVIER,13,15,635
375,ROSES TREASURE,CUBA OLIVIER,15,15,745
376,SHANE DARKNESS,CUBA OLIVIER,16,15,783
377,SIEGE MADRE,CUBA OLIVIER,8,15,795
378,SOLDIERS EVOLUTION,CUBA OLIVIER,14,15,817
379,THEORY MERMAID,CUBA OLIVIER,2,15,886
380,UNFORGIVEN ZOOLANDER,CUBA OLIVIER,14,15,924
381,VOLCANO TEXAS,CUBA OLIVIER,10,15,949
382,WEREWOLF LOLA,CUBA OLIVIER,1,15,968
383,WONDERLAND CHRISTMAS,CUBA OLIVIER,14,15,985
384,BLANKET BEVERLY,FRED COSTNER,8,16,80
385,BOONDOCK BALLROOM,FRED COSTNER,16,16,87
386,BROTHERHOOD BLANKET,FRED COSTNER,6,16,101
387,CAROL TEXAS,FRED COSTNER,2,16,121
388,CLEOPATRA DEVIL,FRED COSTNER,13,16,155
389,CONNECTICUT TRAMP,FRED COSTNER,14,16,177
390,DECEIVER BETRAYED,FRED COSTNER,7,16,218
391,DELIVERANCE MULHOLLAND,FRED COSTNER,6,16,221
392,EAGLES PANKY,FRED COSTNER,13,16,267
393,EARRING INSTINCT,FRED COSTNER,8,16,269
394,EASY GLADIATOR,FRED COSTNER,1,16,271
395,EMPIRE MALKOVICH,FRED COSTNER,3,16,280
396,ENTRAPMENT SATISFACTION,FRED COSTNER,1,16,287
397,GABLES METROPOLIS,FRED COSTNER,8,16,345
398,HUMAN GRAFFITI,FRED COSTNER,10,16,438
399,IMAGE PRINCESS,FRED COSTNER,15,16,453
400,IMPOSSIBLE PREJUDICE,FRED COSTNER,9,16,455
401,INCH JET,FRED COSTNER,2,16,456
402,KRAMER CHOCOLATE,FRED COSTNER,15,16,503
403,MAGNIFICENT CHITTY,FRED COSTNER,4,16,548
404,MIRACLE VIRTUAL,FRED COSTNER,2,16,582
405,MISSION ZOOLANDER,FRED COSTNER,2,16,583
406,REAR TRADING,FRED COSTNER,1,16,717
407,SAINTS BRIDE,FRED COSTNER,7,16,758
408,SENSE GREEK,FRED COSTNER,15,16,779
409,THEORY MERMAID,FRED COSTNER,2,16,886
410,WEEKEND PERSONAL,FRED COSTNER,14,16,967
411,BREAKING HOME,HELEN VOIGHT,13,17,96
412,CAPER MOTIONS,HELEN VOIGHT,5,17,119
413,CASPER DRAGONFLY,HELEN VOIGHT,3,17,124
414,CAT CONEHEADS,HELEN VOIGHT,5,17,127
415,CLASH FREDDY,HELEN VOIGHT,2,17,154
416,CUPBOARD SINNERS,HELEN VOIGHT,6,17,199
417,CYCLONE FAMILY,HELEN VOIGHT,9,17,201
418,DIVINE RESURRECTION,HELEN VOIGHT,10,17,236
419,EMPIRE MALKOVICH,HELEN VOIGHT,3,17,280
420,FEVER EMPIRE,HELEN VOIGHT,10,17,310
421,FIDELITY DEVIL,HELEN VOIGHT,11,17,313
422,GREATEST NORTH,HELEN VOIGHT,12,17,378
423,INDEPENDENCE HOTEL,HELEN VOIGHT,6,17,457
424,IRON MOON,HELEN VOIGHT,4,17,469
425,JAWS HARRY,HELEN VOIGHT,5,17,478
426,KISS GLORY,HELEN VOIGHT,9,17,500
427,LEGALLY SECRETARY,HELEN VOIGHT,3,17,515
428,LIES TREATMENT,HELEN VOIGHT,7,17,521
429,MICROCOSMOS PARADISE,HELEN VOIGHT,3,17,573
430,MOVIE SHAKESPEARE,HELEN VOIGHT,8,17,603
431,MUMMY CREATURES,HELEN VOIGHT,15,17,606
432,ROAD ROXANNE,HELEN VOIGHT,6,17,734
433,SCISSORHANDS SLUMS,HELEN VOIGHT,9,17,770
434,SIDE ARK,HELEN VOIGHT,1,17,794
435,SINNERS ATLANTIS,HELEN VOIGHT,11,17,800
436,STRANGER STRANGERS,HELEN VOIGHT,3,17,853
437,SWEETHEARTS SUSPECTS,HELEN VOIGHT,3,17,873
438,TADPOLE PARK,HELEN VOIGHT,4,17,874
439,TELEMARK HEARTBREAKERS,HELEN VOIGHT,2,17,880
440,VOICE PEACH,HELEN VOIGHT,13,17,948
441,WAR NOTTING,HELEN VOIGHT,9,17,957
442,WARLOCK WEREWOLF,HELEN VOIGHT,3,17,959
443,ATTACKS HATE,DAN TORN,14,18,44
444,BOILED DARES,DAN TORN,16,18,84
445,CHINATOWN GLADIATOR,DAN TORN,13,18,144
446,CONEHEADS SMOOCHY,DAN TORN,7,18,172
447,EARLY HOME,DAN TORN,2,18,268
448,ELIZABETH SHANE,DAN TORN,15,18,279
449,EMPIRE MALKOVICH,DAN TORN,3,18,280
450,FLASH WARS,DAN TORN,13,18,321
451,GUMP DATE,DAN TORN,16,18,386
452,INNOCENT USUAL,DAN TORN,9,18,460
453,INSIDER ARIZONA,DAN TORN,12,18,462
454,JERK PAYCHECK,DAN TORN,4,18,484
455,LOVELY JINGLE,DAN TORN,4,18,536
456,MASK PEACH,DAN TORN,13,18,561
457,MUSSOLINI SPOILERS,DAN TORN,15,18,612
458,REAR TRADING,DAN TORN,1,18,717
459,SLING LUKE,DAN TORN,4,18,808
460,STATE WASTELAND,DAN TORN,10,18,842
461,SUN CONFESSIONS,DAN TORN,14,18,863
462,TEQUILA PAST,DAN TORN,3,18,883
463,TUXEDO MILE,DAN TORN,15,18,917
464,VIRGIN DAISY,DAN TORN,7,18,944
465,ACE GOLDFINGER,BOB FAWCETT,11,19,2
466,ADAPTATION HOLES,BOB FAWCETT,6,19,3
467,CHINATOWN GLADIATOR,BOB FAWCETT,13,19,144
468,CIRCUS YOUTH,BOB FAWCETT,3,19,152
469,CONTROL ANTHEM,BOB FAWCETT,5,19,182
470,DARES PLUTO,BOB FAWCETT,2,19,208
471,DARN FORRESTER,BOB FAWCETT,1,19,212
472,DAZED PUNK,BOB FAWCETT,10,19,217
473,DYNAMITE TARZAN,BOB FAWCETT,4,19,266
474,HATE HANDICAP,BOB FAWCETT,5,19,404
475,HOMICIDE PEACH,BOB FAWCETT,8,19,428
476,JACKET FRISCO,BOB FAWCETT,7,19,473
477,JUMANJI BLADE,BOB FAWCETT,13,19,490
478,LAWLESS VISION,BOB FAWCETT,2,19,510
479,LEATHERNECKS DWARFS,BOB FAWCETT,16,19,513
480,OSCAR GOLD,BOB FAWCETT,2,19,644
481,PELICAN COMFORTS,BOB FAWCETT,6,19,670
482,PERSONAL LADYBUGS,BOB FAWCETT,12,19,673
483,RAGING AIRPLANE,BOB FAWCETT,14,19,711
484,RUN PACIFIC,BOB FAWCETT,13,19,750
485,RUNNER MADIGAN,BOB FAWCETT,12,19,752
486,SADDLE ANTITRUST,BOB FAWCETT,5,19,756
487,SCORPION APOLLO,BOB FAWCETT,7,19,771
488,SHAWSHANK BUBBLE,BOB FAWCETT,16,19,785
489,TAXI KICK,BOB FAWCETT,12,19,877
490,ACADEMY DINOSAUR,LUCILLE TRACY,6,20,1
491,BANGER PINOCCHIO,LUCILLE TRACY,12,20,54
492,BEDAZZLED MARRIED,LUCILLE TRACY,8,20,63
493,CHEAPER CLYDE,LUCILLE TRACY,14,20,140
494,CHITTY LOCK,LUCILLE TRACY,7,20,146
495,COLDBLOODED DARLING,LUCILLE TRACY,14,20,165
496,DINOSAUR SECRETARY,LUCILLE TRACY,8,20,231
497,DOORS PRESIDENT,LUCILLE TRACY,2,20,243
498,EARRING INSTINCT,LUCILLE TRACY,8,20,269
499,EGG IGBY,LUCILLE TRACY,6,20,274
500,GANDHI KWAI,LUCILLE TRACY,8,20,348
501,GOLDFINGER SENSIBILITY,LUCILLE TRACY,7,20,366
502,HYDE DOCTOR,LUCILLE TRACY,4,20,445
503,JAWS HARRY,LUCILLE TRACY,5,20,478
504,JUNGLE CLOSER,LUCILLE TRACY,13,20,492
505,KING EVOLUTION,LUCILLE TRACY,8,20,499
506,LOLA AGENT,LUCILLE TRACY,11,20,527
507,LOSE INCH,LUCILLE TRACY,9,20,531
508,LOVERBOY ATTACKS,LUCILLE TRACY,13,20,538
509,MODERN DORADO,LUCILLE TRACY,6,20,589
510,ORIENT CLOSER,LUCILLE TRACY,7,20,643
511,PAJAMA JAWBREAKER,LUCILLE TRACY,4,20,652
512,PATIENT SISTER,LUCILLE TRACY,4,20,663
513,RANDOM GO,LUCILLE TRACY,14,20,714
514,REAR TRADING,LUCILLE TRACY,1,20,717
515,SAGEBRUSH CLUELESS,LUCILLE TRACY,6,20,757
516,SHANGHAI TYCOON,LUCILLE TRACY,16,20,784
517,SUN CONFESSIONS,LUCILLE TRACY,14,20,863
518,WASTELAND DIVINE,LUCILLE TRACY,4,20,962
519,WINDOW SIDE,LUCILLE TRACY,16,20,977
520,AGENT TRUMAN,KIRSTEN PALTROW,9,21,6
521,BOONDOCK BALLROOM,KIRSTEN PALTROW,16,21,87
522,BORN SPINAL,KIRSTEN PALTROW,16,21,88
523,CHICKEN HELLFIGHTERS,KIRSTEN PALTROW,6,21,142
524,CLOSER BANG,KIRSTEN PALTROW,5,21,159
525,CONQUERER NUTS,KIRSTEN PALTROW,7,21,179
526,DRIFTER COMMANDMENTS,KIRSTEN PALTROW,1,21,253
527,ENCINO ELF,KIRSTEN PALTROW,10,21,281
528,FLASH WARS,KIRSTEN PALTROW,13,21,321
529,HANOVER GALAXY,KIRSTEN PALTROW,12,21,398
530,HOME PITY,KIRSTEN PALTROW,12,21,426
531,HONEY TIES,KIRSTEN PALTROW,15,21,429
532,KILL BROTHERHOOD,KIRSTEN PALTROW,6,21,497
533,LADYBUGS ARMAGEDDON,KIRSTEN PALTROW,10,21,507
534,LORD ARIZONA,KIRSTEN PALTROW,1,21,530
535,PINOCCHIO SIMON,KIRSTEN PALTROW,5,21,680
536,PLUTO OLEANDER,KIRSTEN PALTROW,13,21,686
537,PRIX UNDEFEATED,KIRSTEN PALTROW,8,21,700
538,PULP BEVERLY,KIRSTEN PALTROW,11,21,702
539,RIVER OUTLAW,KIRSTEN PALTROW,15,21,733
540,ROAD ROXANNE,KIRSTEN PALTROW,6,21,734
541,SILVERADO GOLDFINGER,KIRSTEN PALTROW,14,21,798
542,SLEEPING SUSPECTS,KIRSTEN PALTROW,11,21,804
543,THIEF PELICAN,KIRSTEN PALTROW,2,21,887
544,TITANS JERK,KIRSTEN PALTROW,14,21,893
545,UNBREAKABLE KARATE,KIRSTEN PALTROW,13,21,920
546,WON DARES,KIRSTEN PALTROW,12,21,983
547,ALABAMA DEVIL,ELVIS MARX,11,22,9
548,ANACONDA CONFESSIONS,ELVIS MARX,2,22,23
549,BAREFOOT MANCHURIAN,ELVIS MARX,1,22,56
550,BORROWERS BEDAZZLED,ELVIS MARX,2,22,89
551,CADDYSHACK JEDI,ELVIS MARX,1,22,111
552,CHITTY LOCK,ELVIS MARX,7,22,146
553,EVOLUTION ALTER,ELVIS MARX,15,22,291
554,EXPECATIONS NATURAL,ELVIS MARX,16,22,294
555,GANGS PRIDE,ELVIS MARX,2,22,349
556,GOODFELLAS SALUTE,ELVIS MARX,14,22,369
557,HOBBIT ALIEN,ELVIS MARX,7,22,418
558,HOOK CHARIOTS,ELVIS MARX,2,22,430
559,JERICHO MULAN,ELVIS MARX,10,22,483
560,JUMPING WRATH,ELVIS MARX,3,22,491
561,KENTUCKIAN GIANT,ELVIS MARX,11,22,495
562,LOVELY JINGLE,ELVIS MARX,4,22,536
563,MOTIONS DETAILS,ELVIS MARX,11,22,600
564,ODDS BOOGIE,ELVIS MARX,8,22,634
565,OUTLAW HANKY,ELVIS MARX,16,22,648
566,POLISH BROOKLYN,ELVIS MARX,3,22,688
567,RIGHT CRANES,ELVIS MARX,4,22,731
568,ROOF CHAMPION,ELVIS MARX,10,22,742
569,SEATTLE EXPECATIONS,ELVIS MARX,7,22,775
570,SKY MIRACLE,ELVIS MARX,1,22,802
571,TROJAN TOMORROW,ELVIS MARX,14,22,912
572,WATERFRONT DELIVERANCE,ELVIS MARX,1,22,964
573,AGENT TRUMAN,SANDRA KILMER,9,23,6
574,ARTIST COLDBLOODED,SANDRA KILMER,15,23,42
575,BLACKOUT PRIVATE,SANDRA KILMER,2,23,78
576,BULL SHAWSHANK,SANDRA KILMER,1,23,105
577,CANDIDATE PERDITION,SANDRA KILMER,4,23,116
578,CANDLES GRAPES,SANDRA KILMER,10,23,117
579,CASSIDY WYOMING,SANDRA KILMER,16,23,125
580,DARN FORRESTER,SANDRA KILMER,1,23,212
581,DESTINY SATURDAY,SANDRA KILMER,13,23,226
582,DIVIDE MONSTER,SANDRA KILMER,14,23,235
583,DRIVER ANNIE,SANDRA KILMER,15,23,254
584,GOLDMINE TYCOON,SANDRA KILMER,14,23,367
585,GORGEOUS BINGO,SANDRA KILMER,3,23,370
586,HELLFIGHTERS SIERRA,SANDRA KILMER,9,23,414
587,HOCUS FRIDA,SANDRA KILMER,8,23,419
588,HOTEL HAPPINESS,SANDRA KILMER,9,23,435
589,IDENTITY LOVER,SANDRA KILMER,14,23,449
590,JUMPING WRATH,SANDRA KILMER,3,23,491
591,LOVELY JINGLE,SANDRA KILMER,4,23,536
592,MAGNOLIA FORRESTER,SANDRA KILMER,1,23,549
593,OLEANDER CLUE,SANDRA KILMER,12,23,636
594,OZ LIAISONS,SANDRA KILMER,2,23,649
595,PERSONAL LADYBUGS,SANDRA KILMER,12,23,673
596,POSEIDON FOREVER,SANDRA KILMER,15,23,691
597,SAVANNAH TOWN,SANDRA KILMER,7,23,766
598,SHAKESPEARE SADDLE,SANDRA KILMER,15,23,782
599,SLEEPING SUSPECTS,SANDRA KILMER,11,23,804
600,SONS INTERVIEW,SANDRA KILMER,2,23,820
601,SPEED SUIT,SANDRA KILMER,16,23,826
602,SPLENDOR PATTON,SANDRA KILMER,3,23,833
603,STATE WASTELAND,SANDRA KILMER,10,23,842
604,STRANGER STRANGERS,SANDRA KILMER,3,23,853
605,STREAK RIDGEMONT,SANDRA KILMER,6,23,855
606,STREETCAR INTENTIONS,SANDRA KILMER,11,23,856
607,VANISHED GARDEN,SANDRA KILMER,13,23,935
608,WOLVES DESIRE,SANDRA KILMER,16,23,981
609,YOUTH KICK,SANDRA KILMER,12,23,997
610,ADAPTATION HOLES,CAMERON STREEP,6,24,3
611,BLUES INSTINCT,CAMERON STREEP,8,24,83
612,CALENDAR GUNFIGHT,CAMERON STREEP,9,24,112
613,CASUALTIES ENCINO,CAMERON STREEP,1,24,126
614,CHOCOLATE DUCK,CAMERON STREEP,9,24,148
615,COAST RAINBOW,CAMERON STREEP,6,24,164
616,CONNECTION MICROCOSMOS,CAMERON STREEP,5,24,178
617,CROW GREASE,CAMERON STREEP,1,24,194
618,CUPBOARD SINNERS,CAMERON STREEP,6,24,199
619,DOOM DANCING,CAMERON STREEP,5,24,242
620,DROP WATERFRONT,CAMERON STREEP,15,24,256
621,ELEPHANT TROJAN,CAMERON STREEP,11,24,277
622,FREEDOM CLEOPATRA,CAMERON STREEP,5,24,335
623,HAUNTED ANTITRUST,CAMERON STREEP,16,24,405
624,INSTINCT AIRPORT,CAMERON STREEP,15,24,463
625,LEGALLY SECRETARY,CAMERON STREEP,3,24,515
626,MOB DUFFEL,CAMERON STREEP,7,24,585
627,MOVIE SHAKESPEARE,CAMERON STREEP,8,24,603
628,PANIC CLUB,CAMERON STREEP,11,24,653
629,PURE RUNNER,CAMERON STREEP,5,24,704
630,SEVEN SWARM,CAMERON STREEP,10,24,781
631,SPINAL ROCKY,CAMERON STREEP,8,24,829
632,SPLASH GUMP,CAMERON STREEP,8,24,832
633,WEST LION,CAMERON STREEP,7,24,969
634,AMERICAN CIRCUS,KEVIN BLOOM,1,25,21
635,BOOGIE AMELIE,KEVIN BLOOM,12,25,86
636,CITIZEN SHREK,KEVIN BLOOM,14,25,153
637,CONQUERER NUTS,KEVIN BLOOM,7,25,179
638,DALMATIONS SWEDEN,KEVIN BLOOM,7,25,204
639,DATE SPEED,KEVIN BLOOM,8,25,213
640,DESTINY SATURDAY,KEVIN BLOOM,13,25,226
641,DOUBLE WRATH,KEVIN BLOOM,2,25,245
642,FICTION CHRISTMAS,KEVIN BLOOM,9,25,311
643,HATE HANDICAP,KEVIN BLOOM,5,25,404
644,HEAVENLY GUN,KEVIN BLOOM,12,25,411
645,HOLES BRANNIGAN,KEVIN BLOOM,15,25,420
646,LOVERBOY ATTACKS,KEVIN BLOOM,13,25,538
647,MASSAGE IMAGE,KEVIN BLOOM,2,25,564
648,MISSION ZOOLANDER,KEVIN BLOOM,2,25,583
649,MUMMY CREATURES,KEVIN BLOOM,15,25,606
650,POLISH BROOKLYN,KEVIN BLOOM,3,25,688
651,PRIMARY GLASS,KEVIN BLOOM,1,25,697
652,SABRINA MIDNIGHT,KEVIN BLOOM,3,25,755
653,SWEDEN SHINING,KEVIN BLOOM,5,25,871
654,TROUBLE DATE,KEVIN BLOOM,16,25,914
655,ALABAMA DEVIL,RIP CRAWFORD,11,26,9
656,AMERICAN CIRCUS,RIP CRAWFORD,1,26,21
657,ARABIA DOGMA,RIP CRAWFORD,11,26,34
658,BOULEVARD MOB,RIP CRAWFORD,13,26,90
659,BRANNIGAN SUNRISE,RIP CRAWFORD,13,26,93
660,BUCKET BROTHERHOOD,RIP CRAWFORD,16,26,103
661,CHOCOLAT HARRY,RIP CRAWFORD,8,26,147
662,CRAFT OUTFIELD,RIP CRAWFORD,7,26,186
663,CYCLONE FAMILY,RIP CRAWFORD,9,26,201
664,DESTINATION JERK,RIP CRAWFORD,7,26,225
665,DONNIE ALLEY,RIP CRAWFORD,2,26,241
666,FOOL MOCKINGBIRD,RIP CRAWFORD,1,26,327
667,FORREST SONS,RIP CRAWFORD,1,26,329
668,FRONTIER CABIN,RIP CRAWFORD,13,26,340
669,GABLES METROPOLIS,RIP CRAWFORD,8,26,345
670,GUYS FALCON,RIP CRAWFORD,14,26,390
671,HALL CASSIDY,RIP CRAWFORD,3,26,392
672,LONELY ELEPHANT,RIP CRAWFORD,5,26,529
673,MADISON TRAP,RIP CRAWFORD,6,26,544
674,MASSAGE IMAGE,RIP CRAWFORD,2,26,564
675,OKLAHOMA JUMANJI,RIP CRAWFORD,13,26,635
676,OSCAR GOLD,RIP CRAWFORD,2,26,644
677,PITTSBURGH HUNCHBACK,RIP CRAWFORD,8,26,682
678,POLISH BROOKLYN,RIP CRAWFORD,3,26,688
679,RANGE MOONWALKER,RIP CRAWFORD,8,26,715
680,RINGS HEARTBREAKERS,RIP CRAWFORD,1,26,732
681,SAINTS BRIDE,RIP CRAWFORD,7,26,758
682,SATURDAY LAMBS,RIP CRAWFORD,15,26,764
683,SIEGE MADRE,RIP CRAWFORD,8,26,795
684,SORORITY QUEEN,RIP CRAWFORD,9,26,821
685,TEXAS WATCH,RIP CRAWFORD,11,26,885
686,TRAIN BUNCH,RIP CRAWFORD,11,26,904
687,TRAMP OTHERS,RIP CRAWFORD,5,26,906
688,AMADEUS HOLY,JULIA MCQUEEN,1,27,19
689,ARABIA DOGMA,JULIA MCQUEEN,11,27,34
690,BONNIE HOLOCAUST,JULIA MCQUEEN,6,27,85
691,CIDER DESIRE,JULIA MCQUEEN,6,27,150
692,CONEHEADS SMOOCHY,JULIA MCQUEEN,7,27,172
693,EFFECT GLADIATOR,JULIA MCQUEEN,8,27,273
694,FREDDY STORM,JULIA MCQUEEN,11,27,334
695,GAMES BOWFINGER,JULIA MCQUEEN,16,27,347
696,GLADIATOR WESTWARD,JULIA MCQUEEN,8,27,359
697,HANOVER GALAXY,JULIA MCQUEEN,12,27,398
698,HIGH ENCINO,JULIA MCQUEEN,11,27,415
699,INSIDER ARIZONA,JULIA MCQUEEN,12,27,462
700,JAWBREAKER BROOKLYN,JULIA MCQUEEN,12,27,477
701,KISS GLORY,JULIA MCQUEEN,9,27,500
702,KRAMER CHOCOLATE,JULIA MCQUEEN,15,27,503
703,LUCKY FLYING,JULIA MCQUEEN,12,27,540
704,MOCKINGBIRD HOLLYWOOD,JULIA MCQUEEN,1,27,586
705,MONTEREY LABYRINTH,JULIA MCQUEEN,11,27,593
706,OPEN AFRICAN,JULIA MCQUEEN,14,27,637
707,PILOT HOOSIERS,JULIA MCQUEEN,8,27,679
708,PITTSBURGH HUNCHBACK,JULIA MCQUEEN,8,27,682
709,PRESIDENT BANG,JULIA MCQUEEN,8,27,695
710,SCORPION APOLLO,JULIA MCQUEEN,7,27,771
711,SLEEPLESS MONSOON,JULIA MCQUEEN,2,27,805
712,SPIRIT FLINTSTONES,JULIA MCQUEEN,11,27,830
713,STRANGERS GRAFFITI,JULIA MCQUEEN,11,27,854
714,SWEETHEARTS SUSPECTS,JULIA MCQUEEN,3,27,873
715,TELEMARK HEARTBREAKERS,JULIA MCQUEEN,2,27,880
716,TIES HUNGER,JULIA MCQUEEN,3,27,889
717,TRAIN BUNCH,JULIA MCQUEEN,11,27,904
718,WEEKEND PERSONAL,JULIA MCQUEEN,14,27,967
719,WONKA SEA,JULIA MCQUEEN,2,27,986
720,YOUNG LANGUAGE,JULIA MCQUEEN,6,27,996
721,ALICE FANTASIA,WOODY HOFFMAN,4,28,14
722,ATLANTIS CAUSE,WOODY HOFFMAN,8,28,43
723,BEACH HEARTBREAKERS,WOODY HOFFMAN,6,28,58
724,BIRCH ANTITRUST,WOODY HOFFMAN,12,28,74
725,BREAKING HOME,WOODY HOFFMAN,13,28,96
726,BUNCH MINDS,WOODY HOFFMAN,7,28,107
727,DUCK RACER,WOODY HOFFMAN,2,28,259
728,DURHAM PANKY,WOODY HOFFMAN,15,28,263
729,ENTRAPMENT SATISFACTION,WOODY HOFFMAN,1,28,287
730,GILMORE BOILED,WOODY HOFFMAN,4,28,358
731,KNOCK WARLOCK,WOODY HOFFMAN,5,28,502
732,LAMBS CINCINATTI,WOODY HOFFMAN,10,28,508
733,LOSER HUSTLER,WOODY HOFFMAN,15,28,532
734,MAIDEN HOME,WOODY HOFFMAN,13,28,551
735,MIDNIGHT WESTWARD,WOODY HOFFMAN,1,28,574
736,MOONWALKER FOOL,WOODY HOFFMAN,10,28,597
737,NEIGHBORS CHARADE,WOODY HOFFMAN,15,28,619
738,NONE SPIKING,WOODY HOFFMAN,14,28,625
739,PAJAMA JAWBREAKER,WOODY HOFFMAN,4,28,652
740,PILOT HOOSIERS,WOODY HOFFMAN,8,28,679
741,ROOM ROMAN,WOODY HOFFMAN,2,28,743
742,SHOOTIST SUPERFLY,WOODY HOFFMAN,7,28,790
743,SHRUNK DIVINE,WOODY HOFFMAN,1,28,793
744,SNOWMAN ROLLERCOASTER,WOODY HOFFMAN,2,28,816
745,SPICE SORORITY,WOODY HOFFMAN,7,28,827
746,SPY MILE,WOODY HOFFMAN,10,28,835
747,TELEGRAPH VOYAGE,WOODY HOFFMAN,12,28,879
748,TRAP GUYS,WOODY HOFFMAN,9,28,908
749,WAIT CIDER,WOODY HOFFMAN,2,28,953
750,WIFE TURN,WOODY HOFFMAN,6,28,973
751,WYOMING STORM,WOODY HOFFMAN,13,28,994
752,ALADDIN CALENDAR,ALEC WAYNE,15,29,10
753,BLADE POLISH,ALEC WAYNE,7,29,79
754,BULL SHAWSHANK,ALEC WAYNE,1,29,105
755,CABIN FLASH,ALEC WAYNE,3,29,110
756,CENTER DINOSAUR,ALEC WAYNE,4,29,131
757,CHAMBER ITALIAN,ALEC WAYNE,12,29,133
758,CONEHEADS SMOOCHY,ALEC WAYNE,7,29,172
759,DESTINY SATURDAY,ALEC WAYNE,13,29,226
760,EFFECT GLADIATOR,ALEC WAYNE,8,29,273
761,ENCOUNTERS CURTAIN,ALEC WAYNE,7,29,282
762,EXPRESS LONELY,ALEC WAYNE,14,29,296
763,FICTION CHRISTMAS,ALEC WAYNE,9,29,311
764,FREEDOM CLEOPATRA,ALEC WAYNE,5,29,335
765,FUGITIVE MAGUIRE,ALEC WAYNE,16,29,342
766,HOURS RAGE,ALEC WAYNE,13,29,436
767,HUSTLER PARTY,ALEC WAYNE,5,29,444
768,IDENTITY LOVER,ALEC WAYNE,14,29,449
769,INSIDER ARIZONA,ALEC WAYNE,12,29,462
770,JEOPARDY ENCINO,ALEC WAYNE,4,29,482
771,JOON NORTHWEST,ALEC WAYNE,15,29,488
772,LIBERTY MAGNIFICENT,ALEC WAYNE,15,29,519
773,MAGIC MALLRATS,ALEC WAYNE,3,29,547
774,MONEY HAROLD,ALEC WAYNE,13,29,590
775,OUTBREAK DIVINE,ALEC WAYNE,10,29,646
776,REIGN GENTLEMEN,ALEC WAYNE,14,29,723
777,SMOKING BARBARELLA,ALEC WAYNE,6,29,812
778,SUMMER SCARFACE,ALEC WAYNE,4,29,862
779,UPTOWN YOUNG,ALEC WAYNE,3,29,928
780,VIRGIN DAISY,ALEC WAYNE,7,29,944
781,ACADEMY DINOSAUR,SANDRA PECK,6,30,1
782,BANG KWAI,SANDRA PECK,8,30,53
783,BEETHOVEN EXORCIST,SANDRA PECK,7,30,64
784,BEVERLY OUTLAW,SANDRA PECK,14,30,69
785,BIRDS PERDITION,SANDRA PECK,13,30,77
786,BOONDOCK BALLROOM,SANDRA PECK,16,30,87
787,DUDE BLINDNESS,SANDRA PECK,15,30,260
788,DUMBO LUST,SANDRA PECK,8,30,262
789,ENOUGH RAGING,SANDRA PECK,16,30,286
790,EXCITEMENT EVE,SANDRA PECK,1,30,292
791,FAMILY SWEET,SANDRA PECK,11,30,301
792,FIREHOUSE VIETNAM,SANDRA PECK,1,30,318
793,FLASH WARS,SANDRA PECK,13,30,321
794,GILBERT PELICAN,SANDRA PECK,4,30,357
795,MATRIX SNOWMAN,SANDRA PECK,9,30,565
796,RINGS HEARTBREAKERS,SANDRA PECK,1,30,732
797,SILENCE KANE,SANDRA PECK,12,30,797
798,STAGECOACH ARMAGEDDON,SANDRA PECK,1,30,838
799,VIRGINIAN PLUTO,SANDRA PECK,6,30,945
800,BORN SPINAL,SISSY SOBIESKI,16,31,88
801,CHITTY LOCK,SISSY SOBIESKI,7,31,146
802,CLYDE THEORY,SISSY SOBIESKI,13,31,163
803,COAST RAINBOW,SISSY SOBIESKI,6,31,164
804,CRAZY HOME,SISSY SOBIESKI,5,31,188
805,FACTORY DRAGON,SISSY SOBIESKI,16,31,299
806,FERRIS MOTHER,SISSY SOBIESKI,5,31,308
807,GONE TROUBLE,SISSY SOBIESKI,7,31,368
808,GREEK EVERYONE,SISSY SOBIESKI,9,31,380
809,HOOSIERS BIRDCAGE,SISSY SOBIESKI,9,31,431
810,MOB DUFFEL,SISSY SOBIESKI,7,31,585
811,OPEN AFRICAN,SISSY SOBIESKI,14,31,637
812,PRIX UNDEFEATED,SISSY SOBIESKI,8,31,700
813,ROCKY WAR,SISSY SOBIESKI,7,31,739
814,SHRUNK DIVINE,SISSY SOBIESKI,1,31,793
815,SKY MIRACLE,SISSY SOBIESKI,1,31,802
816,TELEMARK HEARTBREAKERS,SISSY SOBIESKI,2,31,880
817,WISDOM WORKER,SISSY SOBIESKI,5,31,978
818,BEHAVIOR RUNAWAY,TIM HACKMAN,11,32,65
819,BOILED DARES,TIM HACKMAN,16,32,84
820,BUCKET BROTHERHOOD,TIM HACKMAN,16,32,103
821,CALENDAR GUNFIGHT,TIM HACKMAN,9,32,112
822,CHAPLIN LICENSE,TIM HACKMAN,13,32,136
823,CRUSADE HONEY,TIM HACKMAN,15,32,197
824,CUPBOARD SINNERS,TIM HACKMAN,6,32,199
825,DEEP CRUSADE,TIM HACKMAN,6,32,219
826,FEUD FROGMEN,TIM HACKMAN,8,32,309
827,FIDDLER LOST,TIM HACKMAN,14,32,312
828,HAROLD FRENCH,TIM HACKMAN,7,32,401
829,HOMEWARD CIDER,TIM HACKMAN,6,32,427
830,HOOSIERS BIRDCAGE,TIM HACKMAN,9,32,431
831,LIGHTS DEER,TIM HACKMAN,4,32,523
832,MEET CHOCOLATE,TIM HACKMAN,9,32,567
833,MOB DUFFEL,TIM HACKMAN,7,32,585
834,MUMMY CREATURES,TIM HACKMAN,15,32,606
835,PACKER MADIGAN,TIM HACKMAN,2,32,651
836,PEACH INNOCENT,TIM HACKMAN,15,32,667
837,PEARL DESTINY,TIM HACKMAN,9,32,669
838,SNATCHERS MONTEZUMA,TIM HACKMAN,4,32,815
839,UPTOWN YOUNG,TIM HACKMAN,3,32,928
840,WIZARD COLDBLOODED,TIM HACKMAN,12,32,980
841,BAREFOOT MANCHURIAN,MILLA PECK,1,33,56
842,CALENDAR GUNFIGHT,MILLA PECK,9,33,112
843,CHANCE RESURRECTION,MILLA PECK,15,33,135
844,CLASH FREDDY,MILLA PECK,2,33,154
845,DAUGHTER MADIGAN,MILLA PECK,3,33,214
846,DREAM PICKUP,MILLA PECK,1,33,252
847,FATAL HAUNTED,MILLA PECK,13,33,305
848,FEATHERS METAL,MILLA PECK,10,33,306
849,JACKET FRISCO,MILLA PECK,7,33,473
850,JUGGLER HARDLY,MILLA PECK,2,33,489
851,MIDNIGHT WESTWARD,MILLA PECK,1,33,574
852,NECKLACE OUTBREAK,MILLA PECK,7,33,618
853,PEACH INNOCENT,MILLA PECK,15,33,667
854,PREJUDICE OLEANDER,MILLA PECK,4,33,694
855,RAIDERS ANTITRUST,MILLA PECK,6,33,712
856,ROBBERS JOON,MILLA PECK,3,33,735
857,ROCK INSTINCT,MILLA PECK,11,33,737
858,RUSHMORE MERMAID,MILLA PECK,5,33,754
859,SEATTLE EXPECATIONS,MILLA PECK,7,33,775
860,TEEN APOLLO,MILLA PECK,16,33,878
861,TEMPLE ATTRACTION,MILLA PECK,11,33,881
862,WATERSHIP FRONTIER,MILLA PECK,11,33,965
863,WHISPERER GIANT,MILLA PECK,14,33,972
864,WRONG BEHAVIOR,MILLA PECK,3,33,993
865,ATLANTIS CAUSE,AUDREY OLIVIER,8,34,43
866,BOULEVARD MOB,AUDREY OLIVIER,13,34,90
867,CAPER MOTIONS,AUDREY OLIVIER,5,34,119
868,CASSIDY WYOMING,AUDREY OLIVIER,16,34,125
869,CONEHEADS SMOOCHY,AUDREY OLIVIER,7,34,172
870,CONTROL ANTHEM,AUDREY OLIVIER,5,34,182
871,DORADO NOTTING,AUDREY OLIVIER,12,34,244
872,FRENCH HOLIDAY,AUDREY OLIVIER,6,34,336
873,GUNFIGHTER MUSSOLINI,AUDREY OLIVIER,15,34,389
874,HALLOWEEN NUTS,AUDREY OLIVIER,6,34,393
875,HUMAN GRAFFITI,AUDREY OLIVIER,10,34,438
876,KANE EXORCIST,AUDREY OLIVIER,9,34,493
877,KNOCK WARLOCK,AUDREY OLIVIER,5,34,502
878,LOATHING LEGALLY,AUDREY OLIVIER,4,34,525
879,PEAK FOREVER,AUDREY OLIVIER,15,34,668
880,REDEMPTION COMFORTS,AUDREY OLIVIER,13,34,720
881,SENSE GREEK,AUDREY OLIVIER,15,34,779
882,SHIP WONDERLAND,AUDREY OLIVIER,6,34,788
883,SIDE ARK,AUDREY OLIVIER,1,34,794
884,SQUAD FISH,AUDREY OLIVIER,15,34,836
885,STING PERSONAL,AUDREY OLIVIER,13,34,846
886,STRANGER STRANGERS,AUDREY OLIVIER,3,34,853
887,USUAL UNTOUCHABLES,AUDREY OLIVIER,9,34,929
888,VOLUME HOUSE,AUDREY OLIVIER,4,34,950
889,WHALE BIKINI,AUDREY OLIVIER,9,34,971
890,ALADDIN CALENDAR,JUDY DEAN,15,35,10
891,ARACHNOPHOBIA ROLLERCOASTER,JUDY DEAN,11,35,35
892,BALLROOM MOCKINGBIRD,JUDY DEAN,9,35,52
893,CYCLONE FAMILY,JUDY DEAN,9,35,201
894,DROP WATERFRONT,JUDY DEAN,15,35,256
895,GUNFIGHTER MUSSOLINI,JUDY DEAN,15,35,389
896,MODERN DORADO,JUDY DEAN,6,35,589
897,MUSSOLINI SPOILERS,JUDY DEAN,15,35,612
898,NASH CHOCOLAT,JUDY DEAN,2,35,615
899,QUEST MUSSOLINI,JUDY DEAN,1,35,707
900,RINGS HEARTBREAKERS,JUDY DEAN,1,35,732
901,ROCKETEER MOTHER,JUDY DEAN,9,35,738
902,RUGRATS SHAKESPEARE,JUDY DEAN,1,35,748
903,SOLDIERS EVOLUTION,JUDY DEAN,14,35,817
904,TROUBLE DATE,JUDY DEAN,16,35,914
905,ALIEN CENTER,BURT DUKAKIS,9,36,15
906,BLINDNESS GUN,BURT DUKAKIS,14,36,81
907,COMMANDMENTS EXPRESS,BURT DUKAKIS,11,36,171
908,DINOSAUR SECRETARY,BURT DUKAKIS,8,36,231
909,DOUBLE WRATH,BURT DUKAKIS,2,36,245
910,ENDING CROWDS,BURT DUKAKIS,13,36,283
911,GREEK EVERYONE,BURT DUKAKIS,9,36,380
912,GRINCH MASSAGE,BURT DUKAKIS,10,36,381
913,GUN BONNIE,BURT DUKAKIS,10,36,387
914,GUYS FALCON,BURT DUKAKIS,14,36,390
915,HEAVEN FREEDOM,BURT DUKAKIS,5,36,410
916,HOME PITY,BURT DUKAKIS,12,36,426
917,HOMEWARD CIDER,BURT DUKAKIS,6,36,427
918,IMAGE PRINCESS,BURT DUKAKIS,15,36,453
919,INTOLERABLE INTENTIONS,BURT DUKAKIS,6,36,466
920,JERK PAYCHECK,BURT DUKAKIS,4,36,484
921,KANE EXORCIST,BURT DUKAKIS,9,36,493
922,KING EVOLUTION,BURT DUKAKIS,8,36,499
923,MENAGERIE RUSHMORE,BURT DUKAKIS,2,36,569
924,MONEY HAROLD,BURT DUKAKIS,13,36,590
925,MOTIONS DETAILS,BURT DUKAKIS,11,36,600
926,RANDOM GO,BURT DUKAKIS,14,36,714
927,RANGE MOONWALKER,BURT DUKAKIS,8,36,715
928,REAP UNFAITHFUL,BURT DUKAKIS,11,36,716
929,RIGHT CRANES,BURT DUKAKIS,4,36,731
930,TALENTED HOMICIDE,BURT DUKAKIS,15,36,875
931,TRUMAN CRAZY,BURT DUKAKIS,1,36,915
932,VALENTINE VANISHING,BURT DUKAKIS,16,36,931
933,WANDA CHAMBER,BURT DUKAKIS,10,36,956
934,ALADDIN CALENDAR,VAL BOLGER,15,37,10
935,ALASKA PHANTOM,VAL BOLGER,12,37,12
936,AMADEUS HOLY,VAL BOLGER,1,37,19
937,CANYON STOCK,VAL BOLGER,2,37,118
938,CAPER MOTIONS,VAL BOLGER,5,37,119
939,CARRIE BUNCH,VAL BOLGER,11,37,122
940,CHITTY LOCK,VAL BOLGER,7,37,146
941,DALMATIONS SWEDEN,VAL BOLGER,7,37,204
942,DRIFTER COMMANDMENTS,VAL BOLGER,1,37,253
943,DUDE BLINDNESS,VAL BOLGER,15,37,260
944,ELEPHANT TROJAN,VAL BOLGER,11,37,277
945,FIREBALL PHILADELPHIA,VAL BOLGER,5,37,317
946,INTRIGUE WORST,VAL BOLGER,9,37,467
947,JAWBREAKER BROOKLYN,VAL BOLGER,12,37,477
948,JERSEY SASSY,VAL BOLGER,3,37,485
949,LAMBS CINCINATTI,VAL BOLGER,10,37,508
950,LONELY ELEPHANT,VAL BOLGER,5,37,529
951,MAKER GABLES,VAL BOLGER,3,37,553
952,MALLRATS UNITED,VAL BOLGER,5,37,555
953,METROPOLIS COMA,VAL BOLGER,14,37,572
954,MODEL FISH,VAL BOLGER,3,37,588
955,PATHS CONTROL,VAL BOLGER,7,37,662
956,PATIENT SISTER,VAL BOLGER,4,37,663
957,PREJUDICE OLEANDER,VAL BOLGER,4,37,694
958,PRIMARY GLASS,VAL BOLGER,1,37,697
959,SHAWSHANK BUBBLE,VAL BOLGER,16,37,785
960,STALLION SUNDANCE,VAL BOLGER,14,37,839
961,STAMPEDE DISTURBING,VAL BOLGER,10,37,840
962,STRANGER STRANGERS,VAL BOLGER,3,37,853
963,TOWN ARK,VAL BOLGER,9,37,900
964,UNITED PILOT,VAL BOLGER,6,37,925
965,WATCH TRACY,VAL BOLGER,2,37,963
966,WEDDING APOLLO,VAL BOLGER,6,37,966
967,WORKING MICROCOSMOS,VAL BOLGER,16,37,989
968,YOUTH KICK,VAL BOLGER,12,37,997
969,ANALYZE HOOSIERS,TOM MCKELLEN,11,38,24
970,CADDYSHACK JEDI,TOM MCKELLEN,1,38,111
971,CLUB GRAFFITI,TOM MCKELLEN,2,38,160
972,CONGENIALITY QUEST,TOM MCKELLEN,15,38,176
973,DESIRE ALIEN,TOM MCKELLEN,2,38,223
974,DONNIE ALLEY,TOM MCKELLEN,2,38,241
975,EGG IGBY,TOM MCKELLEN,6,38,274
976,FREEDOM CLEOPATRA,TOM MCKELLEN,5,38,335
977,FRISCO FORREST,TOM MCKELLEN,14,38,338
978,GENTLEMEN STAGE,TOM MCKELLEN,9,38,353
979,IDAHO LOVE,TOM MCKELLEN,13,38,448
980,IDOLS SNATCHERS,TOM MCKELLEN,3,38,450
981,INDIAN LOVE,TOM MCKELLEN,8,38,458
982,KISSING DOLLS,TOM MCKELLEN,1,38,501
983,LEGEND JEDI,TOM MCKELLEN,12,38,516
984,MAGIC MALLRATS,TOM MCKELLEN,3,38,547
985,MISSION ZOOLANDER,TOM MCKELLEN,2,38,583
986,NECKLACE OUTBREAK,TOM MCKELLEN,7,38,618
987,NEIGHBORS CHARADE,TOM MCKELLEN,15,38,619
988,PURPLE MOVIE,TOM MCKELLEN,9,38,705
989,SHRUNK DIVINE,TOM MCKELLEN,1,38,793
990,SPICE SORORITY,TOM MCKELLEN,7,38,827
991,STALLION SUNDANCE,TOM MCKELLEN,14,38,839
992,STRANGER STRANGERS,TOM MCKELLEN,3,38,853
993,TARZAN VIDEOTAPE,TOM MCKELLEN,11,38,876
994,BILKO ANONYMOUS,GOLDIE BRODY,8,39,71
995,BINGO TALENTED,GOLDIE BRODY,14,39,73
996,COMANCHEROS ENEMY,GOLDIE BRODY,3,39,168
997,DAISY MENAGERIE,GOLDIE BRODY,14,39,203
998,DESERT POSEIDON,GOLDIE BRODY,11,39,222
999,EVERYONE CRAFT,GOLDIE BRODY,9,39,290
1000,EXORCIST STING,GOLDIE BRODY,15,39,293
